{
  "id": 2781,
  "first_name": "Arnaud",
  "last_name": "Lejeune",
  "username": "alejeune",
  "is_admin": true,
  "user_type": "Internal",
  "status": "active",
  "contact_email": "arnaud.lejeune@genesys.com",
  "company": "Genesys",
  "date_expires": null,
  "date_deleted": null,
  "groups": [
    "PureConnect and PureCloudNow",
    "POD Connect Users",
    "Public Demos Internal",
    "OOD Cloud Users",
    "GTS",
    "EOD Proof of Concept"
  ],
  "customer": {
    "id": 10969,
    "username": null,
    "firstname": "Arnaud",
    "lastname": "Lejeune",
    "accountID": "3128527519",
    "address": "8812 SW 4th Street",
    "city": "Blue Springs",
    "state": "CA",
    "zipcode": "94014",
    "country": "United States",
    "email": "arnaud.lejeune@genesys.com",
    "p_email": "lejeune.arnaud@gmail.com",
    "o_email": "",
    "facebookUser": "",
    "twitterUser": "arlejeun",
    "phone_e164": "+13128527519",
    "ANI1": "3128738495",
    "ANI1_e164": "+13128738495",
    "ANI2": "",
    "ANI2_e164": "",
    "customerPIN": "",
    "gSolFacebookId": "alejeune_genesys",
    "gCareFacebookId": "alejeune_genesys",
    "pc_whatsapp": "3128527519",
    "orgs": [
      {
        "name":"purecloudnow",
        "as_company": "LinkedIn",
        "as_buttonURL": "https://upload.wikimedia.org/wikipedia/commons/c/ca/LinkedIn_logo_initials.png",
        "as_color": "#B82727",
        "as_imageURL": "https://upload.wikimedia.org/wikipedia/commons/c/ca/LinkedIn_logo_initials.png",
        "as_embeddedURL": "https://www.linkedin.com/",
        "as_header": "My Surprise",
        "pc_sync": true,
        "r_accountName": "Arnaud.Lejeune",
        "r_region": "GTS",
        "r_userPIN": 12688,
        "r_skill1": "Lima",
        "r_skill2": "Gold",
        "r_smart_advisor": true,
        "enableSurveys": true
      }
    ]
  }
}
