{
  "data": [
    {
      "image": "Genesys-workshop-DialogFlowBAB.png",
      "is_public": true,
      "is_partners": false,
      "is_internal": false,
      "is_specific": false,
      "permissions_groups": ["Public Demos"],
      "categories": ["GenesysCloudCX"],
      "tags": ["Fundamentals", "Bots", "Architect", "AI"],
      "platforms": ["pcn"],
      "active": true,
      "_id": "631a8af84666074724b09eaa",
      "title": "Genesys Dialog Engine Build a Bot",
      "level": "200",
      "duration": "2 hours",
      "description": "Learn how to Build a Bot using Genesys Dialog Engine!",
      "workshop_url": "https://workshop.genesys.com/workshops-gdemo/workshop-Build-a-Bot/",
      "modified_at": "2022-09-19T17:32:34.335Z"
    },
    {
      "image": "Genesys-workshop-ChannelSetup.png",
      "is_public": true,
      "is_partners": false,
      "is_internal": false,
      "is_specific": false,
      "permissions_groups": ["Public Demos"],
      "categories": ["GenesysCloudCX"],
      "tags": [
        "Fundamentals",
        "Administrative",
        "Telephony",
        "Interactions",
        "Architect"
      ],
      "platforms": [],
      "active": true,
      "_id": "631a98a54666074724b09eab",
      "title": "Genesys Cloud CX™️ Channel Setup",
      "level": "100",
      "duration": "4 hours",
      "description": "Learn how to setup & configure Genesys Cloud CX™️",
      "workshop_url": "https://workshop.genesys.com/workshops-gdemo/workshop-gride-demo/",
      "modified_at": "2022-09-21T15:40:11.967Z"
    },
    {
      "image": "Genesys-workshop-CXasCode.png",
      "is_public": false,
      "is_partners": false,
      "is_internal": false,
      "is_specific": false,
      "permissions_groups": [],
      "categories": ["GenesysCloudCX"],
      "tags": ["DeveloperCenter", "Administrative", "Code", "Architect", "IVR"],
      "platforms": ["custom"],
      "active": true,
      "_id": "631a98cf4666074724b09eac",
      "title": "Automation with CX as Code",
      "level": "300",
      "duration": "4 hours",
      "description": "Learn how deploy a Genesys Cloud Architect flow and its dependent objects using Archy and CX as Code to manage Architect flows and dependent objects as plain text files that can be checked into source control.",
      "workshop_url": "https://workshop.genesys.com/workshops-gdemo/workshop-cxAsCodeDevlab/",
      "modified_at": "2022-09-21T15:40:21.516Z"
    },
    {
      "image": "Genesys-workshop-DataAction.png",
      "is_public": true,
      "is_partners": false,
      "is_internal": false,
      "is_specific": false,
      "permissions_groups": ["Public Demos"],
      "categories": ["GenesysCloudCX"],
      "tags": ["DeveloperCenter", "Administrative", "Code", "APIs"],
      "platforms": ["pcn"],
      "active": true,
      "_id": "631a99224666074724b09ead",
      "title": "Data Action Workshop",
      "level": "300",
      "duration": "2 hours",
      "description": "Learn how to use Data Actions for additional engagement in our products!",
      "workshop_url": "https://workshop.genesys.com/workshops-gdemo/workshop-DataActionsWorkshop/",
      "modified_at": "2022-09-19T17:14:17.880Z"
    },
    {
      "image": "Genesys-workshop-DialogFlowCCAI.png",
      "is_public": false,
      "is_partners": false,
      "is_internal": false,
      "is_specific": false,
      "permissions_groups": [],
      "categories": ["GenesysCloudCX", "AppFoundry"],
      "tags": ["DeveloperCenter", "GoogleCloud", "Integration", "AI"],
      "platforms": [],
      "active": true,
      "_id": "631a99ba4666074724b09eae",
      "title": "Genesys Cloud CX™️ & Google Cloud",
      "level": "300",
      "duration": "2 hours",
      "description": "See the power of Genesys Cloud CX and Google Cloud CCAI. Set up both integrations with Agent Assist and Dialogflow CX into your own Genesys Cloud CX instance.",
      "workshop_url": "https://workshop.genesys.com/workshops-gdemo/workshop-DialogFlowCXandAgentAssist/",
      "modified_at": "2022-09-30T19:32:27.547Z"
    },
    {
      "image": "Genesys-workshop-GDPR.png",
      "is_public": false,
      "is_partners": false,
      "is_internal": false,
      "is_specific": false,
      "permissions_groups": [],
      "categories": ["GenesysCloudCX"],
      "tags": ["Developer", "GDPR", "Code", "Integration"],
      "platforms": [],
      "active": true,
      "_id": "631a9ac34666074724b09eaf",
      "title": "Create and host your own GDPR client application",
      "level": "200",
      "duration": "2 hours",
      "description": "Learn how to create your very own GDPR client application and embed it into your Genesys Cloud organization.",
      "workshop_url": "https://workshop.genesys.com/workshops-gdemo/workshop-gdpr-app-basics/",
      "modified_at": "2022-09-30T19:25:55.157Z"
    },
    {
      "image": "Genesys-workshop-HarborTour.png",
      "is_public": false,
      "is_partners": false,
      "is_internal": true,
      "is_specific": true,
      "permissions_groups": [
        "Public Demos Internal",
        "EOD Azure Personal Unit"
      ],
      "categories": ["MultiCloudCX"],
      "tags": [
        "Fundamentals",
        "GDemo",
        "Interactions",
        "Analytics",
        "Designer"
      ],
      "platforms": ["pea"],
      "active": true,
      "_id": "6323ecb64666074724b09eb2",
      "title": "Genesys Multicloud CX Harbor Tour",
      "level": "200",
      "duration": "4 hours",
      "name": "multicloud-cx-tour",
      "description": "Learn how to deploy and configure Genesys Multicloud CX™ with a step-by-step guide and automated provisioning",
      "workshop_url": "https://workshop.genesys.com/workshops-gdemo/workshop-Multicloud-Harbor-Tour/",
      "modified_at": "2022-09-19T16:24:06.802Z"
    },
    {
      "image": "file_1663879210178_Customization.PNG",
      "is_public": false,
      "is_partners": false,
      "is_internal": true,
      "is_specific": true,
      "permissions_groups": [
        "Public Demos Internal",
        "EOD Azure Personal Unit"
      ],
      "categories": ["MultiCloudCX"],
      "tags": ["Fundamentals", "Designer", "WWE", "DeveloperCenter"],
      "platforms": ["pea"],
      "active": true,
      "_id": "632b4efd51f9c70011bde612",
      "title": "Genesys Multicloud CX Customization",
      "workshop_url": "https://workshop.genesys.com/workshops-gdemo/workshop-Multicloud-Customization/",
      "level": "400",
      "duration": "4 hours",
      "description": "Learn how to customize your  Genesys Multicloud CX™ Environment on Demand with a step-by-step guide.",
      "modified_at": "2022-09-21T17:50:53.957Z"
    },
    {
      "image": "file_1663879228297_DemoExtension.PNG",
      "is_public": false,
      "is_partners": true,
      "is_internal": true,
      "is_specific": true,
      "permissions_groups": ["Public Demos Internal", "Public Demos Partners"],
      "categories": ["Digital", "AI", "GenesysCloudCX"],
      "tags": ["Telephony", "Widgets", "Architect"],
      "platforms": ["pcn"],
      "active": true,
      "_id": "632b556ece81c6001192d2c3",
      "workshop_url": "https://workshop.genesys.com/workshops-gdemo/workshop-Demo-Extension/",
      "title": "Genesys Demo Extension",
      "level": "300",
      "duration": "2 hours",
      "description": "Learn how to personalize your Genesys Cloud demo with your prospect website.\n",
      "modified_at": "2022-09-21T18:18:22.550Z"
    },
    {
      "image": "file_1664513382856_GSol.PNG",
      "is_public": false,
      "is_partners": false,
      "is_internal": true,
      "is_specific": false,
      "permissions_groups": ["Public Demos Internal"],
      "categories": ["AI", "Digital", "GDemo"],
      "tags": ["Predictive Engagement", "Desktop", "Widgets"],
      "platforms": ["pcn"],
      "active": true,
      "_id": "633675bd6152f50012868106",
      "title": "AI Experience for GSol",
      "workshop_url": "https://workshop.genesys.com/workshops-gdemo/workshop-Digital-Experience-GSol/",
      "level": "100",
      "duration": "3 hours",
      "description": "This workshop illustrates how you can leverage Genesys Digital & AI solution to support GSol prospects and customers.",
      "modified_at": "2022-09-30T04:51:09.952Z"
    }
  ]
}
